Top queries,Clicks,Impressions,CTR,Position
bulk compress images,0,10,0%,87.3
bulk jpg compress,0,9,0%,82.89
compress image bulk,0,7,0%,79
compress image in bulk,0,7,0%,83.71
compress images in bulk,0,7,0%,89.29
bulk image compression,0,6,0%,78.17
bulk image compressor,0,3,0%,84.33
compress bulk images,0,3,0%,89.67
remove exif data,0,2,0%,90
hidden exif data,0,1,0%,73
online convert to png,0,1,0%,77
remove data from photos,0,1,0%,80
how to remove exif data,0,1,0%,82
clear exif,0,1,0%,83
remove data from picture,0,1,0%,84
removing exif data,0,1,0%,85
removing metadata from images,0,1,0%,87
how to remove exif,0,1,0%,88
remove metadata from photos,0,1,0%,89
reduce webp size,0,1,0%,90
erase exif,0,1,0%,91
remove exif,0,1,0%,92